"Numero.Coleccion","Fecha.prueba","Viables","Sin.tincion","Vacias","Infestadas","Fecha.coleccion","Longitud.gd","Latitud.gd","Altitud.m","Longitud.tallo.cm","Dias.entre.colecta.y.prueba","grupo.fenotipico"
"1","2-nov-21",0,11,46,0,"10-ago-21",-74.1872,4.24437,3546,76,84,"Espeletia.complejo.sinbracteas"
"2","2-nov-21",0,5,45,0,"11-ago-21",-74.16421,4.20756,3610,130,83,"Espeletia.complejo.sinbracteas"
"3","2-nov-21",0,0,50,0,"11-ago-21",-74.17687,4.20602,3586,154,83,"Espeletia.complejo.sinbracteas"
"4","2-nov-21",0,0,50,0,"11-ago-21",-74.17949,4.20494,3617,147,83,"Espeletia.complejo.sinbracteas"
"5","2-nov-21",0,13,37,0,"11-ago-21",-74.18264,4.21664,3639,86,83,"Espeletia.complejo.sinbracteas"
"15","2-nov-21",0,0,52,1,"12-ago-21",-74.18102,4.28184,3792,86,82,"Espeletia.complejo.sinbracteas"
"17","2-nov-21",0,0,55,0,"13-ago-21",-74.1982,4.28272,3701,66,81,"Espeletia.complejo.sinbracteas"
"23","2-nov-21",0,7,52,0,"18-ago-21",-74.23887,4.19445,3917,106,76,"Espeletia.summapacis"
"35","2-nov-21",15,5,30,0,"20-ago-21",-74.20068,4.27821,3755,81,74,"Espeletia.killipii"
"101","2-nov-21",1,1,48,0,"11-ago-21",-74.17371,4.22761,3516,96,83,"Espeletia.complejo.sinbracteas"
"102","2-nov-21",1,3,46,0,"11-ago-21",-74.16997,4.22552,3425,25,83,"Espeletia.argentea"
"103","2-nov-21",0,0,50,0,"11-ago-21",-74.16537,4.22013,3507,72,83,"Espeletia.complejo.sinbracteas"
"104","2-nov-21",0,1,49,0,"11-ago-21",-74.16533,4.21978,3503,66,83,"Espeletia.complejo.grandiflora"
"117","2-nov-21",3,1,45,1,"12-ago-21",-74.18325,4.28312,3795,84,82,"Espeletia.killipii"
"118","2-nov-21",0,3,47,0,"12-ago-21",-74.18397,4.28293,3809,102,82,"Espeletia.killipii"
"121","2-nov-21",0,12,38,0,"12-ago-21",-74.18903,4.28018,3769,60,82,"Espeletia.killipii"
"128","2-nov-21",19,6,15,0,"19-ago-21",-74.2665,4.21573,3610,150.5,75,"Espeletia.complejo.sinbracteas"
"130","2-nov-21",4,2,44,0,"19-ago-21",-74.24709,4.21291,3705,112,75,"Espeletia.killipii"
"133","2-nov-21",0,1,49,0,"20-ago-21",-74.21786,4.28562,3875,129,74,"Espeletia.killipii"
"135","2-nov-21",4,5,41,0,"20-ago-21",-74.21868,4.28325,3872,46,74,"Espeletia.complejo.sinbracteas"
"136","2-nov-21",21,5,24,0,"20-ago-21",-74.21773,4.2831,3863,49,74,"Espeletia.complejo.sinbracteas"
"137","2-nov-21",1,1,19,0,"20-ago-21",-74.21178,4.30696,3798,49,74,"Espeletia.complejo.sinbracteas"
"138","2-nov-21",2,2,46,0,"20-ago-21",-74.21192,4.30666,3803,58,74,"Espeletia.complejo.sinbracteas"
"201","2-nov-21",6,4,40,0,"11-ago-21",-74.26257,4.18745,3733,131,83,"Espeletia.complejo.grandiflora"
"215","2-nov-21",8,2,36,0,"11-ago-21",-74.28961,4.20025,3622,106,83,"Espeletia.complejo.sinbracteas"
"221","2-nov-21",22,0,28,0,"11-ago-21",-74.29506,4.21249,3516,82,83,"Espeletia.complejo.sinbracteas"
"228","2-nov-21",1,0,49,0,"1-sep-21",-74.25558,4.02015,3982,160,62,"Espeletia.summapacis"
"229","2-nov-21",0,3,47,0,"1-sep-21",-74.25992,4.02481,4031,73,62,"Espeletia.complejo.grandiflora"
"230","2-nov-21",6,1,42,1,"2-sep-21",-74.25323,4.03762,4011,55,61,"Espeletia.complejo.grandiflora"
"231","2-nov-21",2,4,44,0,"2-sep-21",-74.25307,4.03777,4019,155,61,"Espeletia.summapacis"
"301","2-nov-21",12,1,37,0,"11-ago-21",-74.25632,4.20194,3849,122,83,"Espeletia.complejo.grandiflora"
"302","2-nov-21",1,2,47,0,"11-ago-21",-74.25714,4.20166,3844,93,83,"Espeletia.miradorensis"
"303","2-nov-21",1,2,36,1,"11-ago-21",-74.258,4.20222,3881,102.5,83,"Espeletia.killipii"
"304","2-nov-21",4,5,41,0,"11-ago-21",-74.26372,4.20098,3881,51.5,83,"Espeletia.complejo.grandiflora"
"305","2-nov-21",9,3,38,0,"11-ago-21",-74.26398,4.20016,3871,80.5,83,"Espeletia.complejo.grandiflora"
"306","2-nov-21",0,1,59,0,"11-ago-21",-74.26363,4.19559,3800,90.4,83,"Espeletia.killipii"
"321","2-nov-21",16,10,23,1,"31-ago-21",-74.26602,4.04137,3933,67,63,"Espeletia.complejo.sinbracteas"
"328","2-nov-21",3,4,43,0,"1-sep-21",-74.26109,4.03287,4135,59,62,"Espeletia.complejo.grandiflora"
"329","2-nov-21",6,4,40,0,"1-sep-21",-74.26192,4.03384,4118,164,62,"Espeletia.summapacis"
"9","10-mar-22",0,2,48,0,"12-ago-21",-74.18775,4.29287,3837,42,210,"Espeletia.complejo.sinbracteas"
"10","10-mar-22",20,6,19,0,"12-ago-21",-74.18378,4.29495,3785,161,210,"Espeletia.killipii"
"22","10-mar-22",6,7,37,0,"18-ago-21",-74.23849,4.19753,3896,68,204,"Espeletia.complejo.grandiflora"
"28","10-mar-22",2,1,46,1,"19-ago-21",-74.24709,4.21168,3698,38,203,"Espeletia.killipii"
"30","10-mar-22",20,5,24,1,"19-ago-21",-74.23053,4.18344,3520,87,203,"Espeletia.complejo.grandiflora"
"43","10-mar-22",12,1,37,0,"9-sep-21",-74.33479,3.83374,3858,107,182,"Espeletia.complejo.sinbracteas"
"45","10-mar-22",19,8,23,0,"9-sep-21",-74.35633,3.84894,3515,81,182,"Espeletia.complejo.sinbracteas"
"107","10-mar-22",0,1,49,0,"11-ago-21",-74.17538,4.21195,3528,84,211,"Espeletia.complejo.grandiflora"
"108","10-mar-22",1,2,47,0,"11-ago-21",-74.17609,4.21255,3520,58,211,"Espeletia.complejo.grandiflora"
"110","10-mar-22",0,4,46,0,"11-ago-21",-74.17622,4.21522,3514,84,211,"Espeletia.complejo.sinbracteas"
"111","10-mar-22",0,11,35,0,"11-ago-21",-74.17415,4.21778,3466,81,211,"Espeletia.complejo.grandiflora"
"123","10-mar-22",5,0,40,0,"18-ago-21",-74.23619,4.19976,3905,122,204,"Espeletia.complejo.grandiflora"
"124","10-mar-22",0,0,50,0,"18-ago-21",-74.23885,4.19768,3890,110,204,"Espeletia.killipii"
"156","10-mar-22",15,1,34,0,"9-sep-21",-74.35706,3.81647,3784,72,182,"Espeletia.complejo.sinbracteas"
"209","10-mar-22",1,1,48,0,"11-ago-21",-74.27802,4.19023,3808,69,211,"Espeletia.summapacis"
"210","10-mar-22",8,2,40,0,"11-ago-21",-74.27641,4.1892,3839,61,211,"Espeletia.complejo.grandiflora"
"217","10-mar-22",0,0,100,0,"11-ago-21",-74.29028,4.20025,3641,75,211,"Espeletia.killipii"
"226","10-mar-22",2,0,48,0,"1-sep-21",-74.2559,4.02357,3976,74,190,"Espeletia.summapacis"
"234","10-mar-22",4,0,46,0,"2-sep-21",-74.26192,4.04174,3855,50,189,"Espeletia.complejo.sinbracteas"
"237","10-mar-22",31,3,16,0,"2-sep-21",-74.26399,4.04755,3785,65,189,"Espeletia.complejo.sinbracteas"
"309","10-mar-22",10,8,32,0,"12-ago-21",-74.28848,4.21249,3583,125.3,210,"Espeletia.complejo.sinbracteas"
"317","10-mar-22",7,15,28,0,"12-ago-21",-74.25547,4.21531,3675,132,210,"Espeletia.complejo.sinbracteas"
"322","10-mar-22",7,11,26,0,"31-ago-21",-74.26746,4.0408,3966,66,191,"Espeletia.miradorensis"
"325","10-mar-22",9,0,41,0,"1-sep-21",-74.25096,4.02354,4024,99,190,"Espeletia.complejo.grandiflora"
"326","10-mar-22",10,2,38,0,"1-sep-21",-74.24854,4.01818,4031,172,190,"Espeletia.summapacis"
"327","10-mar-22",18,2,30,0,"1-sep-21",-74.24833,4.01901,4031,84,190,"Espeletia.complejo.grandiflora"
"7","4-abr-22",7,5,35,0,"12-ago-21",-74.1896,4.2926,3833,64,235,"Espeletia.complejo.sinbracteas"
"8","4-abr-22",0,7,40,0,"12-ago-21",-74.18886,4.29258,3841,88,235,"Espeletia.complejo.sinbracteas"
"11","4-abr-22",0,3,47,0,"12-ago-21",-74.16931,4.294,3708,52,235,"Espeletia.complejo.sinbracteas"
"14","4-abr-22",0,4,46,0,"12-ago-21",-74.17493,4.28425,3767,62,235,"Espeletia.complejo.sinbracteas"
"19","4-abr-22",0,22,24,0,"18-ago-21",-74.23107,4.20539,3776,120,229,"Espeletia.complejo.sinbracteas"
"25","4-abr-22",4,2,42,0,"19-ago-21",-74.24812,4.2123,3698,74.6,228,"Espeletia.complejo.sinbracteas"
"26","4-abr-22",0,1,45,0,"19-ago-21",-74.24802,4.21226,3696,108,228,"Espeletia.killipii"
"27","4-abr-22",0,0,50,0,"19-ago-21",-74.24697,4.21231,3701,87,228,"Espeletia.complejo.sinbracteas"
"31","4-abr-22",5,7,38,0,"19-ago-21",-74.23092,4.18374,3621,98,228,"Espeletia.complejo.grandiflora"
"33","4-abr-22",18,6,22,0,"20-ago-21",-74.20076,4.22316,3791,131,227,"Espeletia.complejo.grandiflora"
"38","4-abr-22",1,6,36,0,"7-sep-21",-74.43333,3.80612,3761,115,209,"Espeletia.complejo.sinbracteas"
"42","4-abr-22",6,4,40,0,"9-sep-21",-74.34464,3.82606,3906,81,207,"Espeletia.complejo.sinbracteas"
"47","4-abr-22",19,6,26,0,"25-oct-21",-74.30619,4.04409,3572,35,161,"Espeletia.argentea"
"50","4-abr-22",1,1,45,1,"25-oct-21",-74.2897,4.07009,3746,96,161,"Espeletia.miradorensis"
"57","4-abr-22",3,5,39,0,"26-oct-21",-74.26922,4.05983,4034,161,160,"Espeletia.summapacis"
"109","4-abr-22",0,6,44,0,"11-ago-21",-74.17622,4.21498,3512,72,236,"Espeletia.complejo.grandiflora"
"112","4-abr-22",0,2,48,0,"11-ago-21",-74.17376,4.2153,3462,85,236,"Espeletia.complejo.sinbracteas"
"113","4-abr-22",0,1,49,0,"12-ago-21",-74.18107,4.28235,3779,93,235,"Espeletia.complejo.sinbracteas"
"114","4-abr-22",0,1,49,0,"12-ago-21",-74.18145,4.28234,3782,144,235,"Espeletia.killipii"
"115","4-abr-22",3,5,42,0,"12-ago-21",-74.18234,4.28263,3787,113,235,"Espeletia.killipii"
"116","4-abr-22",3,3,44,0,"12-ago-21",-74.18269,4.28238,3791,27,235,"Espeletia.complejo.sinbracteas"
"119","4-abr-22",1,0,49,0,"12-ago-21",-74.1848,4.28227,3788,40,235,"Espeletia.complejo.sinbracteas"
"127","4-abr-22",0,1,49,0,"18-ago-21",-74.25278,4.19536,3756,86,229,"Espeletia.complejo.grandiflora"
"129","4-abr-22",2,0,48,0,"19-ago-21",-74.25272,4.20776,3829,91,228,"Espeletia.complejo.sinbracteas"
"134","4-abr-22",0,30,25,0,"20-ago-21",-74.22112,4.2828,3910,53,227,"Espeletia.complejo.sinbracteas"
"139","4-abr-22",0,2,47,0,"20-ago-21",-74.21277,4.30545,3823,42,227,"Espeletia.complejo.sinbracteas"
"145","4-abr-22",17,19,14,0,"8-sep-21",-74.42381,3.82553,3770,92,208,"Espeletia.miradorensis"
"146","4-abr-22",5,1,32,1,"8-sep-21",-74.3327,3.8259,3943,58,208,"Espeletia.complejo.grandiflora"
"204","4-abr-22",4,9,36,0,"11-ago-21",-74.26446,4.18253,3683,82,236,"Espeletia.complejo.grandiflora"
"205","4-abr-22",0,0,50,0,"11-ago-21",-74.26522,4.18258,3687,76,236,"Espeletia.complejo.sinbracteas"
"207","4-abr-22",0,0,50,0,"11-ago-21",-74.27823,4.18192,3646,137,236,"Espeletia.complejo.sinbracteas"
"208","4-abr-22",2,2,46,0,"11-ago-21",-74.27809,4.18314,3685,109,236,"Espeletia.killipii"
"211","4-abr-22",14,5,33,0,"11-ago-21",-74.26919,4.19091,3798,51,236,"Espeletia.complejo.grandiflora"
"212","4-abr-22",1,32,16,3,"11-ago-21",-74.29082,4.20211,3651,44,236,"Espeletia.complejo.sinbracteas"
"213","4-abr-22",1,0,49,0,"11-ago-21",-74.28943,4.20262,3673,36,236,"Espeletia.killipii"
"214","4-abr-22",2,2,41,0,"11-ago-21",-74.28957,4.20022,3623,111,236,"Espeletia.complejo.sinbracteas"
"218","4-abr-22",8,13,22,0,"11-ago-21",-74.29356,4.19904,3619,93,236,"Espeletia.complejo.sinbracteas"
"219","4-abr-22",8,4,38,0,"11-ago-21",-74.29957,4.20037,3544,129,236,"Espeletia.cabrerensis"
"220","4-abr-22",6,4,40,0,"11-ago-21",-74.29546,4.20414,3588,141,236,"Espeletia.killipii"
"222","4-abr-22",15,9,15,0,"11-ago-21",-74.29295,4.21878,3475,96,236,"Espeletia.complejo.sinbracteas"
"223","4-abr-22",3,3,44,0,"31-ago-21",-74.25521,4.05352,4107,104,216,"Espeletia.complejo.grandiflora"
"225","4-abr-22",4,3,39,0,"31-ago-21",-74.2508,4.04225,3959,39.5,216,"Espeletia.complejo.grandiflora"
"227","4-abr-22",7,1,39,0,"1-sep-21",-74.25585,4.02359,3976,107,215,"Espeletia.summapacis"
"232","4-abr-22",12,3,35,0,"2-sep-21",-74.25785,4.03654,3914,68,214,"Espeletia.complejo.grandiflora"
"233","4-abr-22",14,1,32,0,"2-sep-21",-74.26197,4.04192,3854,71,214,"Espeletia.complejo.sinbracteas"
"235","4-abr-22",4,0,43,0,"2-sep-21",-74.26223,4.04578,3839,72,214,"Espeletia.complejo.sinbracteas"
"236","4-abr-22",5,11,29,0,"2-sep-21",-74.26147,4.04756,3795,51,214,"Espeletia.complejo.sinbracteas"
"239","4-abr-22",11,3,36,0,"7-sep-21",-74.44699,3.8307,3696,117,209,"Espeletia.complejo.sinbracteas"
"249","4-abr-22",11,3,37,0,"9-sep-21",-74.33604,3.81425,4067,64,207,"Espeletia.complejo.grandiflora"
"250","4-abr-22",0,0,50,0,"9-sep-21",-74.33594,3.81413,4083,68,207,"Espeletia.summapacis"
"307","4-abr-22",0,1,49,0,"12-ago-21",-74.28613,4.21836,3574,141.2,235,"Espeletia.killipii"
"308","4-abr-22",12,13,24,0,"12-ago-21",-74.28681,4.2174,3583,116.2,235,"Espeletia.complejo.sinbracteas"
"311","4-abr-22",3,13,30,1,"12-ago-21",-74.29058,4.20965,3600,132,235,"Espeletia.killipii"
"312","4-abr-22",0,28,12,0,"12-ago-21",-74.28187,4.20634,3672,152,235,"Espeletia.killipii"
"313","4-abr-22",19,5,26,0,"12-ago-21",-74.28169,4.20659,3672,105,235,"Espeletia.complejo.sinbracteas"
"314","4-abr-22",2,0,48,0,"12-ago-21",-74.28398,4.20262,3713,76.8,235,"Espeletia.killipii"
"315","4-abr-22",7,6,37,0,"12-ago-21",-74.27713,4.19958,3825,42.5,235,"Espeletia.complejo.grandiflora"
"316","4-abr-22",17,13,16,0,"12-ago-21",-74.27059,4.19817,3895,52.5,235,"Espeletia.complejo.grandiflora"
"323","4-abr-22",29,4,17,0,"1-sep-21",-74.25885,4.03757,3902,160,215,"Espeletia.complejo.grandiflora"
"330","4-abr-22",2,5,40,0,"1-sep-21",-74.26588,4.0355,3993,51,215,"Espeletia.complejo.sinbracteas"
"331","4-abr-22",9,3,37,1,"1-sep-21",-74.2706,4.03783,3921,59,215,"Espeletia.complejo.sinbracteas"
"332","4-abr-22",3,0,47,0,"1-sep-21",-74.27174,4.03966,3903,146,215,"Espeletia.complejo.sinbracteas"
"41","17-ago-22",1,0,49,0,"7-sep-21",-74.42467,3.80334,3645,79,344,"Espeletia.complejo.sinbracteas"
"44","17-ago-22",0,2,48,0,"9-sep-21",-74.33495,3.83666,3910,42,342,"Espeletia.summapacis"
"51","17-ago-22",1,1,43,0,"26-oct-21",-74.27006,4.05745,3995,153,295,"Espeletia.summapacis"
"54","17-ago-22",0,2,48,0,"26-oct-21",-74.26915,4.0567,4003,88,295,"Espeletia.summapacis"
"55","17-ago-22",1,5,34,0,"26-oct-21",-74.26767,4.05834,4055,60,295,"Espeletia.complejo.grandiflora"
"59","17-ago-22",1,3,36,0,"27-oct-21",-74.17661,4.20623,3574,36,294,"Espeletia.argentea"
"62","17-ago-22",8,11,20,0,"28-oct-21",-74.40417,3.8583,3399,9,293,"Espeletia.argentea"
"69","22-mar-22",1,0,99,0,"14-feb-22",-74.24062,4.21196,3739,189,36,"Espeletia.killipii"
"72","17-ago-22",0,1,49,0,"15-feb-22",-74.25035,4.20815,3753,71,183,"Espeletia.complejo.sinbracteas"
"73","17-ago-22",4,1,45,0,"15-feb-22",-74.25149,4.20529,3817,26,183,"Espeletia.complejo.sinbracteas"
"75","17-ago-22",21,4,22,0,"15-feb-22",-74.26339,4.20016,3870,75,183,"Espeletia.complejo.grandiflora"
"79","17-ago-22",1,1,48,0,"15-feb-22",-74.27564,4.19878,3859,122,183,"Espeletia.killipii"
"125","17-ago-22",1,1,48,0,"18-ago-21",-74.23927,4.19723,3898,188,364,"Espeletia.summapacis"
"140","17-ago-22",3,1,40,0,"7-sep-21",-74.43079,3.82141,3907,54,344,"Espeletia.complejo.sinbracteas"
"142","17-ago-22",14,9,27,0,"7-sep-21",-74.4269,3.8299,3918,93,344,"Espeletia.miradorensis"
"144","17-ago-22",0,2,48,0,"7-sep-21",-74.42165,3.82915,3722,136,344,"Espeletia.complejo.sinbracteas"
"149","17-ago-22",4,1,39,0,"8-sep-21",-74.33255,3.82497,3941,120,343,"Espeletia.summapacis"
"151","17-ago-22",18,5,24,0,"8-sep-21",-74.33401,3.82369,3932,130,343,"Espeletia.complejo.sinbracteas"
"158","17-ago-22",5,4,39,0,"25-oct-21",-74.3062,4.04428,3593,18,296,"Espeletia.argentea"
"160","17-ago-22",0,3,47,0,"25-oct-21",-74.29883,4.05654,3715,160,296,"Espeletia.miradorensis"
"163","17-ago-22",0,1,49,0,"26-oct-21",-74.26638,4.05165,3792,79,295,"Espeletia.complejo.sinbracteas"
"172","17-ago-22",20,2,28,0,"15-feb-22",-74.2362,4.19979,3907,137,183,"Espeletia.complejo.grandiflora"
"176","17-ago-22",1,1,48,0,"16-feb-22",-74.28372,4.2023,3724,102,182,"Espeletia.killipii"
"178","17-ago-22",11,16,23,0,"16-feb-22",-74.28965,4.2007,3661,148,182,"Espeletia.complejo.sinbracteas"
"179","17-ago-22",2,1,47,0,"16-feb-22",-74.28988,4.20041,3641,85,182,"Espeletia.killipii"
"180","17-ago-22",11,12,27,0,"16-feb-22",-74.29356,4.19925,3613,91,182,"Espeletia.complejo.sinbracteas"
"182","17-ago-22",2,2,46,0,"16-feb-22",-74.29019,4.20839,3604,125,182,"Espeletia.killipii"
"242","17-ago-22",17,3,27,0,"7-sep-21",-74.43204,3.82897,3793,104,344,"Espeletia.complejo.sinbracteas"
"245","17-ago-22",2,1,47,0,"8-sep-21",-74.33404,3.8075,3927,47,343,"Espeletia.summapacis"
"253","17-ago-22",25,8,17,0,"10-sep-21",-74.37575,3.84145,3343,17,341,"Espeletia.argentea"
"258","17-ago-22",29,0,21,0,"15-feb-22",-74.25308,4.19447,3757,107,183,"Espeletia.complejo.sinbracteas"
"264","17-ago-22",22,3,25,0,"17-feb-22",-74.26871,4.21771,3583,127,181,"Espeletia.complejo.sinbracteas"
"268","17-ago-22",17,6,27,0,"22-feb-22",-74.26582,4.05138,3819,82,176,"Espeletia.complejo.sinbracteas"
"269","17-ago-22",11,5,34,0,"24-feb-22",-74.26849,4.04925,3708,125,174,"Espeletia.cabrerensis"
"333","17-ago-22",13,11,26,0,"1-mar-22",-74.17995,4.20426,3419,126,169,"Espeletia.complejo.sinbracteas"
"338","17-ago-22",5,2,43,0,"8-mar-22",-74.19678,4.22349,3610,56,162,"Espeletia.complejo.sinbracteas"
"48","24-ago-22",0,3,46,0,"25-oct-21",-74.29927,4.05617,3704,17,303,"Espeletia.argentea"
"56","24-ago-22",0,0,50,0,"26-oct-21",-74.26814,4.05898,4064,163,302,"Espeletia.summapacis"
"58","24-ago-22",1,0,44,0,"27-oct-21",-74.18027,4.2061,3612,31,301,"Espeletia.argentea"
"61","24-ago-22",29,0,21,0,"28-oct-21",-74.40415,3.85822,3390,10,300,"Espeletia.argentea"
"66","24-ago-22",5,2,33,0,"28-oct-21",-74.22784,4.18447,3596,27,300,"Espeletia.argentea"
"67","24-ago-22",0,0,50,0,"28-oct-21",-74.20251,4.18719,3474,9,300,"Espeletia.argentea"
"71","24-ago-22",1,0,49,0,"14-feb-22",-74.24389,4.21223,3743,72,191,"Espeletia.complejo.sinbracteas"
"76","24-ago-22",4,1,45,0,"15-feb-22",-74.19984,4.19984,3894,13,190,"Espeletia.complejo.sinbracteas"
"81","24-ago-22",12,1,37,0,"15-feb-22",-74.2626,4.1958,3779,118,190,NA
"84","24-ago-22",7,3,38,0,"16-feb-22",-74.26992,4.18059,3779,56,189,"Espeletia.complejo.grandiflora"
"141","24-ago-22",11,0,39,0,"7-sep-21",-74.43037,3.82189,3889,90,351,"Espeletia.miradorensis"
"148","24-ago-22",3,0,47,0,"8-sep-21",-74.33263,3.82554,3931,98,350,"Espeletia.killipii"
"152","24-ago-22",4,0,40,0,"9-sep-21",-74.35159,3.81247,3822,47,349,"Espeletia.complejo.sinbracteas"
"155","24-ago-22",0,0,50,0,"9-sep-21",-74.35399,3.8074,3940,69,349,"Espeletia.complejo.sinbracteas"
"157","24-ago-22",33,6,11,0,"9-sep-21",-74.3737,3.82558,3478,77,349,"Espeletia.complejo.sinbracteas"
"161","24-ago-22",5,1,44,0,"25-oct-21",-74.28893,4.07155,3762,148,303,"Espeletia.miradorensis"
"164","24-ago-22",1,2,47,0,"26-oct-21",-74.2664,4.05168,3792,95,302,"Espeletia.complejo.sinbracteas"
"168","24-ago-22",5,0,41,0,"15-feb-22",-74.23129,4.20579,3809,71,190,"Espeletia.complejo.grandiflora"
"171","24-ago-22",4,1,40,0,"15-feb-22",-74.23493,4.20223,3941,49,190,"Espeletia.complejo.grandiflora"
"174","24-ago-22",5,3,42,0,"16-feb-22",-74.28158,4.20637,3676,138,189,"Espeletia.killipii"
"175","24-ago-22",4,2,36,0,"16-feb-22",-74.28181,4.20629,3674,83,189,"Espeletia.complejo.sinbracteas"
"177","24-ago-22",21,0,23,0,"16-feb-22",-74.28426,4.20246,3716,85,189,"Espeletia.complejo.sinbracteas"
"181","24-ago-22",3,1,46,0,"16-feb-22",-74.29122,4.2022,3639,60,189,"Espeletia.complejo.sinbracteas"
"238","24-ago-22",3,0,27,0,"7-sep-21",-74.44572,3.83697,3613,68,351,"Espeletia.complejo.sinbracteas"
"241","24-ago-22",10,5,35,0,"7-sep-21",-74.43946,3.82982,3748,134,351,"Espeletia.complejo.sinbracteas"
"247","24-ago-22",0,3,44,0,"9-sep-21",-74.33738,3.82403,3939,120,349,"Espeletia.summapacis"
"255","24-ago-22",14,0,36,0,"10-sep-21",-74.29163,4.06385,3735,84,348,"Espeletia.miradorensis"
"257","24-ago-22",34,6,10,0,"15-feb-22",-74.25259,4.19528,3753,49,190,"Espeletia.complejo.grandiflora"
"261","24-ago-22",9,5,31,0,"15-feb-22",-74.26267,4.18772,3745,72,190,"Espeletia.complejo.grandiflora"
"271","24-ago-22",27,12,11,0,"24-feb-22",-74.26752,4.05245,3803,100,181,"Espeletia.complejo.sinbracteas"
"35A","24-ago-22",5,0,45,0,"7-sep-21",-74.43898,3.81418,3892,104,351,"Espeletia.complejo.sinbracteas"
"36A","24-ago-22",0,0,40,0,"7-sep-21",-74.44469,3.80773,3937,137,351,"Espeletia.complejo.sinbracteas"
"37","14-sep-22",1,1,35,0,"7-sep-21",-74.43565,3.80532,3797,137,372,"Espeletia.complejo.sinbracteas"
"53","14-sep-22",7,6,33,0,"26-oct-21",-74.2682,4.05692,4011,67,323,"Espeletia.complejo.grandiflora"
"64","14-sep-22",20,1,29,0,"28-oct-21",-74.3101,4.00654,3415,111,321,"Espeletia.complejo.sinbracteas"
"70","14-sep-22",7,4,39,0,"14-feb-22",-74.24536,4.21168,3749,88,212,"Espeletia.killipii"
"74","14-sep-22",10,4,31,0,"15-feb-22",-74.25662,4.20292,3862,74,211,"Espeletia.complejo.grandiflora"
"78","14-sep-22",17,2,31,0,"15-feb-22",-74.27155,4.19791,3886,20,211,"Espeletia.complejo.sinbracteas"
"143","14-sep-22",1,0,15,0,"7-sep-21",-74.42371,3.82829,3776,108,372,"Espeletia.complejo.sinbracteas"
"147","14-sep-22",0,3,47,0,"8-sep-21",-74.33252,3.826,3945,140,371,"Espeletia.summapacis"
"159","14-sep-22",10,4,36,0,"25-oct-21",-74.29942,4.05613,3700,8,324,"Espeletia.argentea"
"166","14-sep-22",1,10,39,0,"26-oct-21",-74.25962,4.06295,3901,148,323,"Espeletia.summapacis"
"169","14-sep-22",14,3,30,0,"15-feb-22",-74.23417,4.20436,3910,71,211,"Espeletia.complejo.grandiflora"
"170","14-sep-22",22,0,21,0,"15-feb-22",-74.2342,4.20375,3906,48,211,"Espeletia.complejo.grandiflora"
"173","14-sep-22",9,5,36,0,"15-feb-22",-74.2377,4.19779,3908,92,211,"Espeletia.complejo.grandiflora"
"183","14-sep-22",8,0,42,0,"16-feb-22",-74.29076,4.21034,3585,67,210,"Espeletia.cabrerensis"
"246","14-sep-22",0,0,50,0,"8-sep-21",-74.3335,3.81545,3970,58,371,"Espeletia.summapacis"
"248","14-sep-22",0,1,49,0,"9-sep-21",-74.33617,3.82064,4060,50,370,"Espeletia.summapacis"
"256","14-sep-22",12,6,29,0,"15-feb-22",-74.25248,4.19579,3759,56,211,"Espeletia.complejo.grandiflora"
"260","14-sep-22",0,3,47,0,"15-feb-22",-74.26158,4.1881,3742,138,211,"Espeletia.complejo.sinbracteas"
"266","14-sep-22",6,2,37,0,"22-feb-22",-74.26534,4.05003,3823,111,204,"Espeletia.complejo.sinbracteas"
"270","14-sep-22",16,9,21,0,"24-feb-22",-74.26874,4.05007,3743,126,202,"Espeletia.cabrerensis"
"334","14-sep-22",9,3,38,0,"1-mar-22",-74.17962,4.20502,3612,138,197,"Espeletia.complejo.sinbracteas"
"335","14-sep-22",3,1,46,0,"1-mar-22",-74.17616,4.20642,3580,116,197,"Espeletia.complejo.sinbracteas"
"336","14-sep-22",2,0,48,0,"1-mar-22",-74.17307,4.2071,3591,68,197,"Espeletia.complejo.sinbracteas"
"337","14-sep-22",0,0,50,0,"2-mar-22",-74.1878,4.24062,3526,80,196,"Espeletia.complejo.sinbracteas"
"339","14-sep-22",2,0,37,1,"8-mar-22",-74.1969,4.22341,3620,72,190,"Espeletia.complejo.sinbracteas"
"340","14-sep-22",5,2,40,0,"8-mar-22",-74.19897,4.22326,3705,23,190,"Espeletia.complejo.sinbracteas"
"94","17-may-23",11,8,31,0,"22-feb-22",-74.24837,4.01942,4031,144,449,"Espeletia.summapacis"
"95","17-may-23",4,5,48,0,"22-feb-22",-74.24871,4.02331,4038,114,449,"Espeletia.killipii"
"96","17-may-23",0,4,46,0,"22-feb-22",-74.25352,4.0384,4014,106,449,"Espeletia.summapacis"
"97","17-may-23",6,9,35,0,"22-feb-22",-74.25688,4.03738,3932,86,449,"Espeletia.complejo.grandiflora"
"98","17-may-23",0,0,50,0,"24-feb-22",-74.26538,4.04755,3739,76,447,"Espeletia.cabrerensis"
"99","17-may-23",11,1,38,0,"24-feb-22",-74.26307,4.04617,3794,65,447,"Espeletia.complejo.sinbracteas"
"186","17-may-23",0,6,44,0,"17-feb-22",-74.29449,4.20441,3597,150,454,"Espeletia.killipii"
"187","17-may-23",4,6,40,0,"17-feb-22",-74.288,4.21238,3587,39,454,"Espeletia.complejo.sinbracteas"
"188","17-may-23",12,17,24,0,"23-feb-22",-74.26588,4.04161,3902,96,448,"Espeletia.complejo.grandiflora"
"189","17-may-23",4,4,42,0,"23-feb-22",-74.26624,4.04137,3942,79,448,"Espeletia.complejo.grandiflora"
"190","17-may-23",16,7,27,0,"23-feb-22",-74.2672,4.04046,3982,53,448,"Espeletia.miradorensis"
"191","17-may-23",14,7,29,0,"23-feb-22",-74.26667,4.04036,3987,63,448,"Espeletia.miradorensis"
"192","17-may-23",0,0,50,0,"23-feb-22",-74.26683,4.03928,4020,40,448,"Espeletia.complejo.sinbracteas"
"193","17-may-23",17,9,24,0,"23-feb-22",-74.26879,4.0441,3850,80,448,"Espeletia.complejo.sinbracteas"
"194","17-may-23",19,9,22,0,"23-feb-22",-74.26768,4.04528,3766,105,448,"Espeletia.complejo.sinbracteas"
"195","17-may-23",0,2,48,0,"15-mar-22",-74.4317,3.82806,3799,139,428,"Espeletia.miradorensis"
"196","17-may-23",0,0,50,0,"15-mar-22",-74.43185,3.82914,3784,104,428,"Espeletia.miradorensis"
"199","17-may-23",3,3,44,0,"28-jun-22",-74.25144,4.20627,3826,159,323,"Espeletia.killipii"
"200","17-may-23",9,1,40,0,"28-jun-22",-74.24995,4.20736,3797,53,323,"Espeletia.complejo.sinbracteas"
"282","17-may-23",0,4,46,0,"2-mar-22",-74.17773,4.29488,3650,123,441,"Espeletia.cabrerensis"
"283","17-may-23",0,1,49,0,"2-mar-22",-74.1708,4.29405,3680,63,441,"Espeletia.complejo.sinbracteas"
"284","17-may-23",4,9,37,0,"2-mar-22",-74.18337,4.28313,3796,102,441,"Espeletia.killipii"
"288","17-may-23",18,5,25,0,"3-mar-22",-74.21983,4.2821,3898,85,440,"Espeletia.complejo.grandiflora"
"289","17-may-23",11,0,39,0,"3-mar-22",-74.22004,4.28213,3898,135,440,"Espeletia.complejo.grandiflora"
"290","17-may-23",12,2,34,0,"3-mar-22",-74.22041,4.28306,3896,156,440,"Espeletia.complejo.grandiflora"
"291","17-may-23",0,2,48,0,"9-mar-22",-74.26451,4.07176,3953,53,434,"Espeletia.complejo.sinbracteas"
"292","17-may-23",8,10,30,0,"9-mar-22",-74.26553,4.06646,3994,101,434,"Espeletia.complejo.grandiflora"
"293","17-may-23",2,2,46,0,"9-mar-22",-74.26806,4.06056,4066,208,434,"Espeletia.summapacis"
"294","17-may-23",2,2,46,0,"9-mar-22",-74.26878,4.05864,4050,138,434,"Espeletia.summapacis"
"295","17-may-23",0,2,48,0,"9-mar-22",-74.26941,4.05863,4033,210,434,"Espeletia.summapacis"
"296","17-may-23",10,19,21,0,"9-mar-22",-74.26951,4.0594,4030,133,434,"Espeletia.summapacis"
"297","17-may-23",0,1,49,0,"9-mar-22",-74.2694,4.05696,4004,143,434,"Espeletia.summapacis"
"299","17-may-23",1,9,40,0,"9-mar-22",-74.27186,4.05827,3980,78,434,"Espeletia.miradorensis"
"300","17-may-23",0,10,40,0,"9-mar-22",-74.27435,4.0621,3952,94,434,"Espeletia.miradorensis"
"349","17-may-23",5,2,43,0,"10-mar-22",-74.21144,4.30501,3763,71,433,"Espeletia.complejo.sinbracteas"
"350","17-may-23",1,1,48,0,"10-mar-22",-74.20131,4.29704,3751,98,433,"Espeletia.killipii"
"351","17-may-23",7,7,36,0,"10-mar-22",-74.20343,4.27575,3813,42,433,"Espeletia.complejo.sinbracteas"
"352","17-may-23",6,4,40,0,"10-mar-22",-74.20383,4.2756,3808,51,433,"Espeletia.complejo.sinbracteas"
"353","17-may-23",3,5,42,0,"14-mar-22",-74.23079,4.18388,3614,112,429,"Espeletia.complejo.grandiflora"
"354","17-may-23",5,2,43,0,"14-mar-22",-74.23032,4.18327,3617,158,429,"Espeletia.complejo.grandiflora"
"355","17-may-23",8,2,40,0,"14-mar-22",-74.40417,3.85775,3405,16,429,"Espeletia.argentea"
"356","17-may-23",1,0,49,0,"15-mar-22",-74.43961,3.81414,3878,65,428,"Espeletia.complejo.sinbracteas"
"357","17-may-23",0,0,5,0,"15-mar-22",-74.44439,3.80763,3930,65,428,"Espeletia.complejo.sinbracteas"
"358","17-may-23",2,0,48,0,"15-mar-22",-74.4322,3.80576,3743,98,428,"Espeletia.complejo.sinbracteas"
"359","17-may-23",19,4,32,0,"15-mar-22",-74.4274,3.80729,3759,99,428,"Espeletia.miradorensis"
"361","17-may-23",3,1,46,0,"17-mar-22",-74.24917,4.11495,3765,170,426,"Espeletia.miradorensis"
"365","17-may-23",0,2,48,0,"17-mar-22",-74.28917,4.07205,3770,124,426,"Espeletia.miradorensis"
"368","17-may-23",0,0,50,0,"28-jun-22",-74.26613,4.21547,3640,146,323,"Espeletia.complejo.sinbracteas"
"401","17-may-23",2,2,46,0,"10-mar-22",-74.21074,4.3052,3689,119,433,"Espeletia.complejo.sinbracteas"
"402","17-may-23",5,4,41,0,"10-mar-22",-74.21305,4.30529,3807,32,433,"Espeletia.complejo.sinbracteas"
"403","17-may-23",3,7,40,0,"10-mar-22",-74.21241,4.30491,3789,43,433,"Espeletia.complejo.sinbracteas"
"404","17-may-23",0,0,50,0,"10-mar-22",-74.20572,4.29748,3705,203,433,"Espeletia.killipii"
"46","19-jul-23",13,14,20,0,"25-oct-21",-74.30643,4.04401,3586,45,632,"Espeletia.argentea"
"49","19-jul-23",4,5,41,0,"25-oct-21",-74.29853,4.05681,3714,150,632,"Espeletia.miradorensis"
"52","19-jul-23",14,14,22,0,"26-oct-21",-74.26981,4.05732,4001,70,631,"Espeletia.complejo.grandiflora"
"60","19-jul-23",2,5,43,0,"27-oct-21",-74.17663,4.2063,3572,35,630,"Espeletia.argentea"
"63","19-jul-23",18,11,21,0,"28-oct-21",-74.39979,3.86269,3367,12,629,"Espeletia.argentea"
"65","19-jul-23",3,0,47,0,"28-oct-21",-74.22793,4.18449,3598,47,629,"Espeletia.argentea"
"68","19-jul-23",0,0,50,0,"28-oct-21",-74.20277,4.18747,3486,15,629,"Espeletia.argentea"
"92","19-jul-23",0,0,47,0,"17-feb-22",-74.29291,4.21884,3473,258,517,"Espeletia.complejo.sinbracteas"
"150","19-jul-23",2,3,45,0,"8-sep-21",-74.33264,3.82445,3944,185,679,"Espeletia.complejo.grandiflora"
"153","19-jul-23",2,10,38,0,"9-sep-21",-74.34885,3.80694,3879,64,678,"Espeletia.complejo.sinbracteas"
"154","19-jul-23",8,2,40,0,"9-sep-21",-74.34885,3.80656,3880,44,678,"Espeletia.complejo.grandiflora"
"167","19-jul-23",9,6,35,0,"26-oct-21",-74.25988,4.06545,3904,123,631,"Espeletia.complejo.grandiflora"
"184","19-jul-23",10,16,24,0,"17-feb-22",-74.29922,4.20082,3542,79,517,"Espeletia.complejo.sinbracteas"
"185","19-jul-23",4,0,36,0,"17-feb-22",-74.29696,4.20205,3558,123,517,"Espeletia.killipii"
"198","19-jul-23",1,1,45,0,"28-jun-22",-74.25342,4.20758,3860,40,386,"Espeletia.complejo.sinbracteas"
"240","19-jul-23",2,3,45,0,"7-sep-21",-74.43983,3.82994,3746,97,680,"Espeletia.complejo.sinbracteas"
"243","19-jul-23",1,7,42,0,"8-sep-21",-74.33415,3.812,4038,61,679,"Espeletia.complejo.grandiflora"
"254","19-jul-23",5,5,46,0,"10-sep-21",-74.29126,4.06382,3740,112,677,"Espeletia.miradorensis"
"272","19-jul-23",15,9,26,0,"24-feb-22",-74.26756,4.05237,3814,96,510,"Espeletia.complejo.sinbracteas"
"274","19-jul-23",1,3,45,0,"1-mar-22",-74.17915,4.2063,3596,100,505,"Espeletia.complejo.sinbracteas"
"275","19-jul-23",0,0,50,0,"1-mar-22",-74.17514,4.21324,3515,96,505,"Espeletia.complejo.sinbracteas"
"276","19-jul-23",1,0,49,0,"1-mar-22",-74.17457,4.21758,3479,118,505,"Espeletia.complejo.sinbracteas"
"277","19-jul-23",0,5,45,0,"1-mar-22",-74.17532,4.21923,3490,68,505,"Espeletia.complejo.sinbracteas"
"278","19-jul-23",2,1,47,0,"1-mar-22",-74.17573,4.21943,3496,38,505,"Espeletia.complejo.sinbracteas"
"280","19-jul-23",4,5,41,0,"2-mar-22",-74.18378,4.29486,3791,123,504,"Espeletia.killipii"
"281","19-jul-23",2,9,39,0,"2-mar-22",-74.18286,4.29527,3778,42,504,"Espeletia.complejo.sinbracteas"
"342","19-jul-23",2,0,48,0,"8-mar-22",-74.20154,4.22304,3790,89,498,"Espeletia.miradorensis"
"343","19-jul-23",13,8,29,0,"8-mar-22",-74.20145,4.22309,3789,170,498,"Espeletia.complejo.grandiflora"
"344","19-jul-23",0,0,50,0,"9-mar-22",-74.25948,4.06808,3898,198,497,"Espeletia.miradorensis"
"345","19-jul-23",5,0,45,0,"9-mar-22",-74.25989,4.06759,3906,114,497,"Espeletia.complejo.grandiflora"
"362","19-jul-23",3,4,40,0,"17-mar-22",-74.27338,4.07926,3698,120,489,"Espeletia.complejo.sinbracteas"
"363","19-jul-23",8,11,31,0,"17-mar-22",-74.27528,4.07814,3716,150,489,"Espeletia.complejo.sinbracteas"
"364","19-jul-23",15,5,40,0,"17-mar-22",-74.28921,4.07208,3768,203,489,"Espeletia.miradorensis"
"366","19-jul-23",0,25,25,0,"17-mar-22",-74.2896,4.07047,3758,62,489,"Espeletia.miradorensis"
"374","19-jul-23",2,4,44,0,"29-jun-22",-74.26447,4.19466,3804,138,385,"Espeletia.killipii"
"375","19-jul-23",0,4,46,0,"29-jun-22",-74.27761,4.19943,3838,145,385,"Espeletia.killipii"
"376","19-jul-23",0,9,41,0,"30-jun-22",-74.27695,4.19082,3818,126,384,"Espeletia.killipii"
"377","19-jul-23",1,4,45,0,"30-jun-22",-74.27063,4.19,3792,38,384,"Espeletia.killipii"
"378","19-jul-23",1,16,33,0,"30-jun-22",-74.2702,4.18999,3795,74,384,"Espeletia.killipii"
"379","19-jul-23",0,9,41,0,"30-jun-22",-74.26337,4.18353,3693,141,384,"Espeletia.complejo.grandiflora"
"380","19-jul-23",0,8,42,0,"30-jun-22",-74.2642,4.18257,3673,16,384,"Espeletia.complejo.sinbracteas"
"383","19-jul-23",1,5,44,0,"30-jun-22",-74.27809,4.18327,3699,147,384,"Espeletia.killipii"
"405","19-jul-23",9,9,29,0,"10-mar-22",-74.2029,4.29966,3699,114,496,"Espeletia.complejo.sinbracteas"
"407","19-jul-23",0,5,42,0,"10-mar-22",-74.20159,4.2996,3727,107,496,"Espeletia.complejo.sinbracteas"
"408","19-jul-23",16,17,16,0,"14-mar-22",-74.23197,4.18283,3631,83,492,"Espeletia.complejo.grandiflora"
"409","19-jul-23",2,3,43,0,"14-mar-22",-74.40409,3.85488,3415,37,492,"Espeletia.complejo.sinbracteas"
"415","19-jul-23",1,2,27,0,"15-mar-22",-74.42686,3.82527,3872,81,491,"Espeletia.complejo.sinbracteas"
"416","19-jul-23",0,5,44,0,"17-mar-22",-74.258,4.08583,3740,220,489,"Espeletia.complejo.grandiflora"
"418","19-jul-23",14,4,29,0,"17-mar-22",-74.26105,4.08312,3743,150,489,"Espeletia.complejo.sinbracteas"
"419","19-jul-23",4,13,33,0,"17-mar-22",-74.2662,4.08068,3721,186,489,"Espeletia.cabrerensis"
"420","19-jul-23",16,4,30,0,"17-mar-22",-74.27001,4.08006,3711,236,489,"Espeletia.complejo.sinbracteas"
"100","1-sep-23",31,10,9,0,"24-feb-22",-74.26222,4.04598,3823,54,554,"Espeletia.cabrerensis"
"370","1-sep-23",0,1,49,0,"29-jun-22",-74.25115,4.20638,3812,183,429,"Espeletia.killipii"
"371","1-sep-23",14,19,17,0,"29-jun-22",-74.25813,4.20281,3873,107,429,"Espeletia.complejo.grandiflora"
"384","1-sep-23",4,20,26,0,"5-jul-22",-74.2681,4.0571,4022,30,423,"Espeletia.complejo.grandiflora"
"391","1-sep-23",17,4,27,0,"7-jul-22",-74.26661,4.06052,4075,68,421,"Espeletia.complejo.grandiflora"
"392","1-sep-23",0,0,50,0,"7-jul-22",-74.26773,4.06073,4081,79,421,"Espeletia.summapacis"
"393","1-sep-23",0,1,49,0,"7-jul-22",-74.2691,4.06037,4043,160,421,"Espeletia.complejo.grandiflora"
"394","1-sep-23",1,14,35,0,"7-jul-22",-74.27179,4.05818,3992,92,421,"Espeletia.summapacis"
"395","1-sep-23",0,2,10,0,"7-jul-22",-74.27296,4.05897,3969,90,421,"Espeletia.miradorensis"
"396","1-sep-23",17,9,24,0,"7-jul-22",-74.27385,4.06078,3951,28,421,"Espeletia.complejo.grandiflora"
"397","1-sep-23",16,12,22,0,"7-jul-22",-74.27406,4.06201,3954,64,421,"Espeletia.miradorensis"
"398","1-sep-23",20,1,22,0,"7-jul-22",-74.27443,4.06419,3936,157,421,"Espeletia.miradorensis"
"399","1-sep-23",19,12,17,0,"8-jul-22",-74.27464,4.06764,3940,162,420,"Espeletia.miradorensis"
"406","1-sep-23",0,1,49,0,"10-mar-22",-74.20156,4.29966,3727,148,540,"Espeletia.complejo.sinbracteas"
"410","1-sep-23",1,3,46,0,"14-mar-22",-74.40388,3.85904,3393,107,536,"Espeletia.complejo.sinbracteas"
"412","1-sep-23",7,0,43,0,"15-mar-22",-74.42982,3.8213,3865,56,535,"Espeletia.complejo.sinbracteas"
"413","1-sep-23",10,2,28,0,"15-mar-22",-74.42684,3.8282,3907,80,535,"Espeletia.complejo.sinbracteas"
"414","1-sep-23",0,5,45,0,"15-mar-22",-74.4269,3.8252,3876,100,535,"Espeletia.miradorensis"
"421","1-sep-23",2,1,47,0,"29-jun-22",-74.23479,4.20473,3939,124,429,"Espeletia.complejo.grandiflora"
"423","1-sep-23",23,0,27,0,"29-jun-22",-74.23646,4.20006,3921,54,429,"Espeletia.complejo.grandiflora"
"425","1-sep-23",1,8,41,0,"29-jun-22",-74.23791,4.19705,3918,51,429,"Espeletia.summapacis"
"426","1-sep-23",2,2,46,0,"29-jun-22",-74.23877,4.1973,3912,115,429,"Espeletia.summapacis"
"428","1-sep-23",6,9,33,2,"29-jun-22",-74.25274,4.19534,3760,128,429,"Espeletia.complejo.grandiflora"
"430","1-sep-23",1,0,49,0,"30-jun-22",-74.28133,4.20667,3676,89,428,"Espeletia.killipii"
"432","1-sep-23",1,4,32,0,"30-jun-22",-74.284,4.20253,3722,85,428,"Espeletia.killipii"
"435","1-sep-23",0,3,47,0,"30-jun-22",-74.29116,4.20212,3651,35,428,"Espeletia.complejo.sinbracteas"
"436","1-sep-23",2,2,46,0,"30-jun-22",-74.29015,4.20054,3649,66,428,"Espeletia.complejo.sinbracteas"
"437","1-sep-23",0,0,50,0,"30-jun-22",-74.29042,4.20043,3645,160,428,"Espeletia.killipii"
"439","1-sep-23",0,1,48,0,"30-jun-22",-74.29555,4.20395,3596,65,428,"Espeletia.killipii"
"442","1-sep-23",0,2,48,0,"5-jul-22",-74.26611,4.05095,3819,83,423,"Espeletia.complejo.sinbracteas"
"444","1-sep-23",1,0,49,0,"5-jul-22",-74.26142,4.02107,3872,157,423,"Espeletia.complejo.grandiflora"
"447","1-sep-23",0,0,50,0,"6-jul-22",-74.25833,4.07354,3876,33,422,"Espeletia.complejo.grandiflora"
"448","1-sep-23",0,7,43,0,"6-jul-22",-74.25939,4.07699,3840,106,422,"Espeletia.complejo.grandiflora"
"449","1-sep-23",0,8,42,0,"6-jul-22",-74.25909,4.0824,3773,187,422,"Espeletia.complejo.grandiflora"
"450","1-sep-23",0,0,50,0,"6-jul-22",-74.25607,4.08684,3770,64,422,"Espeletia.complejo.grandiflora"
"451","1-sep-23",0,1,49,0,"6-jul-22",-74.25307,4.09944,3791,103.03,422,"Espeletia.complejo.grandiflora"
"453","1-sep-23",0,0,31,0,"6-jul-22",-74.24899,4.12468,3803,93,422,"Espeletia.complejo.grandiflora"
"454","1-sep-23",4,2,44,0,"6-jul-22",-74.2486,4.12564,3809,145,422,"Espeletia.complejo.grandiflora"
"457","1-sep-23",2,4,44,0,"11-jul-22",-74.18759,4.24156,3526,29,417,"Espeletia.complejo.sinbracteas"
"458","1-sep-23",13,1,36,0,"11-jul-22",-74.22905,4.18447,3622,162.5,417,"Espeletia.complejo.sinbracteas"
"460","1-sep-23",7,9,34,0,"11-jul-22",-74.23124,4.18422,3631,164,417,"Espeletia.complejo.grandiflora"
"461","1-sep-23",2,1,44,0,"11-jul-22",-74.22812,4.18427,3611,47,417,"Espeletia.argentea"
"462","1-sep-23",0,0,50,0,"12-jul-22",-74.18295,4.22066,3630,31,416,"Espeletia.argentea"
"463","1-sep-23",0,0,50,0,"12-jul-22",-74.17921,4.20522,3555,92,416,"Espeletia.complejo.sinbracteas"
"464","1-sep-23",1,0,49,0,"12-jul-22",-74.18017,4.20455,3607,137,416,"Espeletia.complejo.sinbracteas"
"465","1-sep-23",0,0,50,0,"12-jul-22",-74.17656,4.20586,3592,157,416,"Espeletia.complejo.sinbracteas"
"467","1-sep-23",0,6,40,0,"12-jul-22",-74.17592,4.21059,3542,31,416,"Espeletia.argentea"
"468","1-sep-23",4,4,42,0,"12-jul-22",-74.17557,4.21219,3529,120,416,"Espeletia.complejo.sinbracteas"
"469","1-sep-23",2,0,48,0,"12-jul-22",-74.17593,4.21372,3537,125,416,"Espeletia.complejo.sinbracteas"
"470","1-sep-23",8,2,40,0,"12-jul-22",-74.17535,4.21478,3507,113,416,"Espeletia.complejo.sinbracteas"
"471","1-sep-23",8,1,41,0,"13-jul-22",-74.18975,4.29259,3839,141,415,"Espeletia.killipii"
"474","1-sep-23",20,2,28,0,"13-jul-22",-74.18128,4.29521,3755,14,415,"Espeletia.complejo.sinbracteas"
"477","1-sep-23",3,12,35,0,"13-jul-22",-74.17194,4.28864,3731,67,415,"Espeletia.killipii"
"478","1-sep-23",1,15,34,0,"13-jul-22",-74.17492,4.28383,3756,75,415,"Espeletia.killipii"
"479","1-sep-23",4,6,10,0,"13-jul-22",-74.17561,4.28381,3761,60,415,"Espeletia.killipii"
"480","1-sep-23",20,10,20,0,"13-jul-22",-74.18385,4.282,3804,18,415,"Espeletia.complejo.sinbracteas"
"485","1-sep-23",14,1,35,0,"14-jul-22",-74.20177,4.2227,3788,32,414,"Espeletia.complejo.grandiflora"
"486","1-sep-23",4,0,46,0,"14-jul-22",-74.2016,4.22717,3571,45,414,"Espeletia.complejo.sinbracteas"
"487","1-sep-23",3,1,46,0,"18-jul-22",-74.21073,4.30638,3741,91,410,"Espeletia.cabrerensis"
"492","1-sep-23",0,1,49,0,"18-jul-22",-74.20111,4.29898,3742,56,410,"Espeletia.complejo.sinbracteas"
"493","1-sep-23",0,13,37,0,"18-jul-22",-74.20453,4.29951,3693,81,410,"Espeletia.complejo.sinbracteas"
"496","1-sep-23",0,0,50,0,"19-jul-22",-74.21782,4.28606,3893,108,409,"Espeletia.killipii"
"498","1-sep-23",0,0,50,0,"19-jul-22",-74.21987,4.18359,3884,161,409,"Espeletia.killipii"
"499","1-sep-23",0,0,50,0,"19-jul-22",-74.21979,4.28331,3875,119,409,"Espeletia.killipii"
"500","1-sep-23",1,7,42,0,"19-jul-22",-74.21962,4.28108,3892,51,409,"Espeletia.complejo.sinbracteas"
"501","1-sep-23",5,21,24,0,"28-jun-22",-74.2478,4.20846,3755,25,430,"Espeletia.complejo.sinbracteas"
"502","1-sep-23",4,5,41,0,"28-jun-22",-74.24798,4.211,3705,71,430,"Espeletia.complejo.sinbracteas"
"503","1-sep-23",7,19,24,0,"29-jun-22",-74.24696,4.21262,3696,108,429,"Espeletia.killipii"
"504","1-sep-23",1,3,47,0,"29-jun-22",-74.24761,4.21233,3699,81,429,"Espeletia.complejo.sinbracteas"
"506","1-sep-23",25,2,23,0,"29-jun-22",-74.24703,4.21259,3703,81,429,"Espeletia.complejo.sinbracteas"
"508","1-sep-23",12,7,31,0,"29-jun-22",-74.24746,4.21129,3698,144,429,"Espeletia.killipii"
"510","1-sep-23",0,0,50,0,"11-jul-22",-74.18792,4.24266,3501,122,417,"Espeletia.complejo.sinbracteas"
"512","1-sep-23",2,0,48,0,"11-jul-22",-74.2268,4.18659,3617,84,417,"Espeletia.complejo.sinbracteas"
"513","1-sep-23",1,0,49,0,"11-jul-22",-74.22691,4.18681,3639,61,417,"Espeletia.complejo.sinbracteas"
"514","1-sep-23",18,0,32,0,"11-jul-22",-74.23061,4.18344,3619,89,417,"Espeletia.complejo.grandiflora"
"515","1-sep-23",0,4,46,0,"11-jul-22",-74.2308,4.18296,3628,17,417,"Espeletia.argentea"
"516","1-sep-23",0,0,50,0,"11-jul-22",-74.22829,4.18414,3609,20,417,"Espeletia.argentea"
"517","1-sep-23",0,1,49,0,"11-jul-22",-74.20962,4.18807,3506,53,417,"Espeletia.complejo.sinbracteas"
"519","1-sep-23",1,6,43,0,"12-jul-22",-74.16808,4.21621,3510,12,416,"Espeletia.argentea"
"520","1-sep-23",0,6,44,0,"12-jul-22",-74.17135,4.21898,3432,14,416,"Espeletia.argentea"
"521","1-sep-23",1,3,46,0,"12-jul-22",-74.17287,4.21937,3454,83,416,"Espeletia.complejo.sinbracteas"
"523","1-sep-23",1,1,48,0,"12-jul-22",-74.17425,4.21752,3467,113,416,"Espeletia.complejo.sinbracteas"
"526","1-sep-23",0,2,48,0,"13-jul-22",-74.18103,4.28238,3767,41,415,"Espeletia.complejo.sinbracteas"
"527","1-sep-23",15,24,61,0,"13-jul-22",-74.18022,4.28243,3771,55,415,"Espeletia.killipii"
"528","1-sep-23",17,0,33,0,"13-jul-22",-74.18137,4.28263,3777,54,415,"Espeletia.complejo.sinbracteas"
"529","1-sep-23",0,1,49,0,"13-jul-22",-74.18233,4.28272,3772,129,415,"Espeletia.killipii"
"533","1-sep-23",0,0,50,0,"13-jul-22",-74.18858,4.28045,3761,164,415,"Espeletia.killipii"
"534","1-sep-23",0,2,48,0,"13-jul-22",-74.18904,4.27997,3766,111,415,"Espeletia.killipii"
"536","1-sep-23",5,6,39,0,"26-jul-22",-74.2647,4.03828,4013,63,402,"Espeletia.summapacis"
"537","13-sep-23",4,1,86,0,"26-jul-22",-74.2656,4.03835,4022,62,414,"Espeletia.complejo.grandiflora"
"539","1-sep-23",1,6,43,0,"26-jul-22",-74.26961,4.03872,3932,127,402,"Espeletia.complejo.sinbracteas"
"540","1-sep-23",1,3,46,0,"27-jul-22",-74.26343,4.03403,4071,59,401,"Espeletia.summapacis"
"542","1-sep-23",6,5,39,0,"27-jul-22",-74.26186,4.03368,4118,103,401,"Espeletia.complejo.grandiflora"
"544","1-sep-23",0,2,48,0,"27-jul-22",-74.25636,4.0252,3999,170,401,"Espeletia.summapacis"
"545","1-sep-23",1,4,45,0,"27-jul-22",-74.26376,4.04665,3775,40,401,"Espeletia.complejo.sinbracteas"
"548","1-sep-23",5,6,39,0,"28-jul-22",-74.25153,4.05583,4026,101,400,"Espeletia.summapacis"
"550","1-sep-23",22,4,24,0,"28-jul-22",-74.24723,4.06138,3946,93,400,"Espeletia.complejo.grandiflora"
"602","1-sep-23",11,8,28,0,"26-jul-22",-74.25327,4.03762,4013,70,402,"Espeletia.complejo.grandiflora"
"603","1-sep-23",1,3,29,0,"26-jul-22",-74.25345,4.0366,3999,140,402,"Espeletia.summapacis"
"605","1-sep-23",7,4,39,0,"26-jul-22",-74.26442,4.04312,3826,61,402,"Espeletia.complejo.sinbracteas"
"606","1-sep-23",1,2,47,0,"26-jul-22",-74.2534,4.02595,3976,143,402,"Espeletia.summapacis"
"609","1-sep-23",4,3,5,0,"27-jul-22",-74.24864,4.01868,4029,171,401,"Espeletia.complejo.grandiflora"
"610","1-sep-23",0,6,44,0,"27-jul-22",-74.25475,4.01945,4016,122,401,"Espeletia.summapacis"
"613","1-sep-23",17,2,31,0,"28-jul-22",-74.26424,4.04797,3766,64,400,"Espeletia.cabrerensis"
"614","1-sep-23",0,2,48,0,"28-jul-22",-74.25869,4.06209,3930,111,400,"Espeletia.summapacis"
"702","1-sep-23",10,5,35,0,"8-jul-22",-74.27917,4.0683,3934,111,420,"Espeletia.miradorensis"
"801","1-sep-23",0,0,50,0,"19-jul-22",-74.2039,4.27551,3804,132,409,"Espeletia.killipii"
"803","1-sep-23",17,4,29,0,"19-jul-22",-74.19976,4.27948,3726,81,409,"Espeletia.complejo.sinbracteas"
"373","26-sep-23",0,6,44,0,"29-jun-22",-74.26325,4.19542,3788,96,454,"Espeletia.killipii"
"382","26-sep-23",4,3,34,0,"30-jun-22",-74.27007,4.17838,3690,123,453,"Espeletia.complejo.sinbracteas"
"385","26-sep-23",0,12,38,0,"5-jul-22",-74.26911,4.05721,4015,147,448,"Espeletia.summapacis"
"386","26-sep-23",0,2,48,0,"5-jul-22",-74.26824,4.05904,4073,166,448,"Espeletia.summapacis"
"389","26-sep-23",0,1,49,0,"5-jul-22",-74.26878,4.0603,4056,183,448,"Espeletia.summapacis"
"390","26-sep-23",0,2,48,0,"7-jul-22",-74.26643,4.06075,4072,39,446,"Espeletia.summapacis"
"427","26-sep-23",1,5,44,0,"29-jun-22",-74.25102,4.1948,3768,135,454,"Espeletia.complejo.grandiflora"
"431","26-sep-23",2,12,36,0,"30-jun-22",-74.28155,4.2067,3682,59,453,"Espeletia.complejo.sinbracteas"
"440","26-sep-23",4,0,10,0,"30-jun-22",-74.28984,4.21075,3600,52,453,"Espeletia.cabrerensis"
"459","26-sep-23",0,0,4,0,"11-jul-22",-74.23102,4.18388,3628,93,442,"Espeletia.complejo.grandiflora"
"473","26-sep-23",0,1,49,0,"13-jul-22",-74.18372,4.29495,3804,107,440,"Espeletia.killipii"
"475","26-sep-23",3,13,34,0,"13-jul-22",-74.17007,4.29349,3700,85,440,"Espeletia.killipii"
"476","26-sep-23",0,7,43,0,"13-jul-22",-74.16919,4.29337,3706,58,440,"Espeletia.killipii"
"481","26-sep-23",1,1,48,0,"14-jul-22",-74.19606,4.22479,3513,93,439,"Espeletia.complejo.sinbracteas"
"483","26-sep-23",0,2,48,0,"14-jul-22",-74.2016,4.22242,3787,63,439,"Espeletia.complejo.sinbracteas"
"494","26-sep-23",0,1,49,0,"18-jul-22",-74.20764,4.29144,3716,150,435,"Espeletia.killipii"
"495","26-sep-23",6,8,24,0,"19-jul-22",-74.21349,4.28824,3868,58,434,"Espeletia.killipii"
"505","26-sep-23",1,2,19,0,"29-jun-22",-74.24756,4.21233,3701,72,454,"Espeletia.complejo.sinbracteas"
"507","26-sep-23",3,0,47,0,"29-jun-22",-74.24664,4.2113,3698,170,454,"Espeletia.killipii"
"535","26-sep-23",1,4,45,0,"13-jul-22",-74.18915,4.27872,3679,89,440,"Espeletia.complejo.sinbracteas"
"541","26-sep-23",3,2,45,0,"27-jul-22",-74.26192,4.03385,4115,181,426,"Espeletia.summapacis"
"543","26-sep-23",5,8,34,0,"27-jul-22",-74.25946,4.02734,4109,81,426,"Espeletia.complejo.grandiflora"
"546","26-sep-23",0,3,47,0,"28-jul-22",-74.25492,4.05424,4100,92,425,"Espeletia.complejo.grandiflora"
"549","26-sep-23",0,3,47,0,"28-jul-22",-74.24818,4.05868,3966,163,425,"Espeletia.summapacis"
"551","26-sep-23",0,1,49,0,"28-jul-22",-74.24739,4.06109,3945,77,425,"Espeletia.summapacis"
"601","26-sep-23",0,1,49,0,"25-jul-22",-74.24272,4.21155,3681,123,428,"Espeletia.killipii"
"607","26-sep-23",23,1,23,0,"27-jul-22",-74.2499,4.02312,4032,125,426,"Espeletia.complejo.grandiflora"
"611","26-sep-23",5,28,0,0,"28-jul-22",-74.26194,4.04742,3738,45,425,"Espeletia.complejo.sinbracteas"
"612","26-sep-23",1,26,30,0,"28-jul-22",-74.26224,4.04797,3836,102,425,"Espeletia.cabrerensis"
"615","26-sep-23",2,1,47,0,"28-jul-22",-74.25866,4.06259,3929,118,425,"Espeletia.summapacis"
"616","26-sep-23",0,1,49,0,"28-jul-22",-74.25958,4.06348,3917,106,425,"Espeletia.complejo.grandiflora"
"617","26-sep-23",0,0,50,0,"28-jul-22",-74.25893,4.06404,3917,162,425,"Espeletia.summapacis"
"701","26-sep-23",6,9,35,0,"8-jul-22",-74.27711,4.06844,3925,177,445,"Espeletia.miradorensis"
"21","5-may-25",9,5,29,0,"18-ago-21",-74.2351,4.20244,3934,138,1356,"Espeletia.complejo.grandiflora"
"39","5-may-25",1,6,40,0,"7-sep-21",-74.42715,3.80795,3758,83,1336,"Espeletia.miradorensis"
"90","5-may-25",7,14,40,0,"17-feb-22",-74.29531,4.21177,3534,134,1173,"Espeletia.complejo.sinbracteas"
"120","5-may-25",0,2,48,0,"12-ago-21",-74.18703,4.28018,3774,28,1362,"Espeletia.complejo.sinbracteas"
"131","5-may-25",5,4,41,0,"19-ago-21",-74.22595,4.18601,3654,62,1355,"Espeletia.complejo.sinbracteas"
"265","5-may-25",0,2,45,0,"17-feb-22",-74.28687,4.21786,3578,171,1173,"Espeletia.complejo.sinbracteas"
"285","5-may-25",0,1,44,0,"3-mar-22",-74.21241,4.28807,3842,71,1159,"Espeletia.complejo.sinbracteas"
"287","5-may-25",0,1,49,0,"3-mar-22",-74.21779,4.28422,3857,88,1159,"Espeletia.killipii"
"347","5-may-25",3,0,46,0,"10-mar-22",-74.2106,4.30656,3716,84,1152,"Espeletia.complejo.sinbracteas"
"348","5-may-25",5,4,39,0,"10-mar-22",-74.21143,4.30672,3759,47,1152,"Espeletia.complejo.sinbracteas"
"372","5-may-25",0,0,50,0,"29-jun-22",-74.2598,4.20072,3880,118,1041,"Espeletia.killipii"
"387","5-may-25",0,1,36,0,"5-jul-22",-74.26759,4.05866,4074,128,1035,"Espeletia.complejo.grandiflora"
"400","5-may-25",2,3,45,0,"8-jul-22",-74.27643,4.06821,3930,69,1032,"Espeletia.miradorensis"
"443","5-may-25",0,3,42,0,"5-jul-22",-74.26754,4.05126,3777,139,1035,"Espeletia.cabrerensis"
"452","5-may-25",0,4,45,0,"6-jul-22",-74.25118,4.10973,3787,107,1034,"Espeletia.complejo.grandiflora"
"466","5-may-25",0,2,46,0,"12-jul-22",-74.1759,4.20917,3572,72,1028,"Espeletia.complejo.sinbracteas"
"518","5-may-25",0,0,50,0,"12-jul-22",-74.16628,4.20889,3601,77,1028,"Espeletia.complejo.sinbracteas"
"531","5-may-25",0,1,49,0,"13-jul-22",-74.18497,4.28134,3905,111,1027,"Espeletia.killipii"
"538","5-may-25",1,6,41,0,"26-jul-22",-74.26696,4.04024,4002,68,1014,"Espeletia.miradorensis"
"604","5-may-25",7,26,14,0,"26-jul-22",-74.25796,4.03649,3924,49,1014,"Espeletia.complejo.grandiflora"
"346B","5-may-25",3,10,36,0,"9-mar-22",-74.25938,4.07392,3853,138,1153,"Espeletia.cabrerensis"
"24","13-may-25",1,1,48,0,"19-ago-21",-74.23857,4.19488,3917,112,1363,"Espeletia.complejo.grandiflora"
"40","13-may-25",0,0,26,0,"7-sep-21",-74.42645,3.8071,3744,71,1344,"Espeletia.complejo.sinbracteas"
"105","13-may-25",0,0,50,0,"11-ago-21",-74.16602,4.21992,3505,105,1371,"Espeletia.complejo.sinbracteas"
"122","13-may-25",0,0,26,0,"18-ago-21",-74.23475,4.20432,3940,84,1364,"Espeletia.complejo.sinbracteas"
"162","13-may-25",16,3,33,0,"26-oct-21",-74.26786,4.05239,3817,120,1295,"Espeletia.complejo.sinbracteas"
"203","13-may-25",3,13,34,0,"11-ago-21",-74.26304,4.18379,3696,116,1371,"Espeletia.complejo.grandiflora"
"224","13-may-25",0,0,50,0,"31-ago-21",-74.2457,4.06093,3942,35,1351,"Espeletia.complejo.grandiflora"
"251","13-may-25",10,5,37,0,"9-sep-21",-74.33804,3.81077,4021,78,1342,"Espeletia.complejo.grandiflora"
"262","13-may-25",1,1,23,0,"15-feb-22",-74.25295,4.19793,3764,66,1183,"Espeletia.complejo.grandiflora"
"263","13-may-25",0,0,40,0,"17-feb-22",-74.26808,4.21751,3586,109,1181,"Espeletia.killipii"
"324","13-may-25",7,0,45,0,"1-sep-21",-74.25098,4.02379,4023,91,1350,"Espeletia.summapacis"
"369","13-may-25",7,8,29,0,"29-jun-22",-74.25123,4.20706,3808,152,1049,"Espeletia.complejo.sinbracteas"
"608","13-may-25",1,1,48,0,"27-jul-22",-74.24851,4.01869,4028,141,1021,"Espeletia.summapacis"
"6","2-jul-25",0,0,0,0,"11-ago-21",-74.18279,4.22808,3642,65,1421,"Espeletia.complejo.sinbracteas"
"16","2-jul-25",0,0,0,0,"13-ago-21",-74.1977,4.2823,3697,142,1419,"Espeletia.killipii"
"80","2-jul-25",0,0,0,0,"15-feb-22",-74.26265,4.19534,3780,95,1233,"Espeletia.complejo.grandiflora"
"83","2-jul-25",0,0,0,0,"16-feb-22",-74.27692,4.18941,3828,56,1232,"Espeletia.complejo.sinbracteas"
"85","2-jul-25",0,0,0,0,"16-feb-22",-74.26923,4.19087,3796,76,1232,"Espeletia.complejo.grandiflora"
"86","2-jul-25",0,0,0,0,"16-feb-22",-74.26366,4.18361,3684,88,1232,"Espeletia.complejo.grandiflora"
"89","2-jul-25",0,0,0,0,"16-feb-22",-74.27789,4.183,3674,99,1232,"Espeletia.complejo.sinbracteas"
"310","2-jul-25",0,0,0,0,"12-ago-21",-74.28844,4.21247,3583,84,1420,"Espeletia.complejo.sinbracteas"
"360","2-jul-25",0,0,0,0,"15-mar-22",-74.42384,3.80347,3631,155,1205,"Espeletia.complejo.sinbracteas"
"455","2-jul-25",0,0,0,0,"6-jul-22",-74.23743,4.1316,3811,116,1092,"Espeletia.complejo.grandiflora"
"87","24-jul-25",0,12,18,0,"16-feb-22",-74.26514,4.18286,3683,99,1254,"Espeletia.complejo.grandiflora"
"286","24-jul-25",0,30,10,0,"3-mar-22",-74.21622,4.2863,3901,44,1239,"Espeletia.complejo.sinbracteas"
"267","24-jul-25",0,15,0,0,"22-feb-22",-74.26539,4.05154,3830,108,1248,"Espeletia.complejo.sinbracteas"
